연번,시도청,경찰서,치안센터명,주소
1 ,서울청,서울중부,충4치안센터,서울 중구 충무로2길 39
2 ,서울청,서울종로,구기치안센터,서울 종로구 비봉길 13
3 ,서울청,서울서대문,북아현치안센터,서울 서대문구 북아현로 59-1번지
4 ,서울청,서울혜화,종로3가치안센터,서울 종로구 돈화문로 28
5 ,서울청,서울용산,청파치안센터,서울 용산구 청파로 274-2
6 ,서울청,서울용산,용산치안센터,서울 용산구 신흥로 90
7 ,서울청,서울용산,한남2치안센터,서울 용산구 이태원로 281
8 ,서울청,서울용산,이촌치안센터,서울 용산구 이촌로71길 24
9 ,서울청,서울성북,삼선치안센터,서울 성북구 보문로29길 92
10 ,서울청,서울성북,길음1치안센터,서울 성북구 정릉로 31길 30 
11 ,서울청,서울성북,정릉1치안센터,서울 성북구 동소문로 258
12 ,서울청,서울동대문,답십리1치안센터,서울 동대문 고미술로 93
13 ,서울청,서울동대문,장안3치안센터,서울 동대문구 장안로18길 78
14 ,서울청,서울마포,노고산치안센터,서울 마포구 신촌로18길 26
15 ,서울청,서울마포,망원2치안센터,서울 마포구 월드컵로 31길 18
16 ,서울청,서울마포,동교치안센터,서울 마포구 신촌로2안길 27
17 ,서울청,서울영등포,도림치안센터,서울 영등포구 도신로 29길 13
18 ,서울청,서울영등포,신길5치안센터,서울 영등포구 신길로 23길 12
19 ,서울청,서울성동,뚝섬치안센터,서울 성동구 왕십리로5길 3
20 ,서울청,서울동작,흑석2치안센터,서울 동작구 현충로140-1
21 ,서울청,서울동작,상도2치안센터,서울 동작구 장승배기로 73
22 ,서울청,서울광진,자양2치안센터,서울 광진구 자양로3가길 28
23 ,서울청,서울광진,구의3치안센터,서울 광진구 광나루로56길 4
24 ,서울청,서울서부,역촌1치안센터,서울 은평구 연서로6길 19
25 ,서울청,서울강북,동화치안센터,서울 강북구 솔매로49길 14
26 ,서울청,서울강북,우이치안센터,서울 강북구 삼양로 678
27 ,서울청,서울강북,수유6치안센터,서울 강북구 삼양로 457
28 ,서울청,서울금천,시흥본치안센터,서울 금천구 금하로 11길 40
29 ,서울청,서울금천,시흥3치안센터,서울 금천구 시흥대로37길 18
30 ,서울청,서울중랑,망우3치안센터,서울 중랑구 용마공원로5길 13
31 ,서울청,서울강남,코엑스치안센터,서울 봉은사로 524
32 ,서울청,서울강남,압구정치안센터,서울 강남구 압구정로 33길 48
33 ,서울청,서울관악,서원치안센터,관악구 신원로 36
34 ,서울청,서울관악,청룡2치안센터,관악구 참숯1길 33
35 ,서울청,서울강서,화곡본동치안센터,서울 강서구 까치산로 51
36 ,서울청,서울강서,개화2치안센터,서울 강서구 개화동로 275-1
37 ,서울청,서울종암,장위2치안센터,서울 성북구 화랑로 19길 85
38 ,서울청,서울구로,신도림치안센터,서울 구로구 신도림로 40
39 ,서울청,서울구로,구로1치안센터,서울 구로구 구일로 52
40 ,서울청,서울구로,구로2치안센터,서울 구로구 구로동로 141
41 ,서울청,서울구로,개봉치안센터,서울 구로구 경인로 293
42 ,서울청,서울구로,개봉3치안센터,서울 구로구 개봉로 1가길 28
43 ,서울청,서울서초,잠원치안센터,서울 서초구 나루터로 38
44 ,서울청,서울서초,방서치안센타,서울 서초구 명달로 55
45 ,서울청,서울서초,우면치안센터,서울 서초구 바우뫼로 45
46 ,서울청,서울양천,신정7치안센터,서울 양천구 목동남로93
47 ,서울청,서울송파,송파1치안센터,서울 송파구 백제고분로 392
48 ,서울청,서울송파,가락2치안센터,서울 송파구 오금로 46길 55
49 ,서울청,서울노원,하계1치안센터,서울 노원구 공릉로 290
50 ,서울청,서울방배,방배4치안센터,서울 서초구 방배중앙로 131
51 ,서울청,서울은평,불광1치안센터,서울 은평구 불광로 129
52 ,서울청,서울은평,신도치안센터,서울 은평구 진관2로 125
53 ,서울청,서울은평,상림치안센터,서울 은평구 진관4로 48-25
54 ,서울청,서울도봉,방학2치안센터,서울 도봉구 방학로 12길 18
55 ,서울청,서울수서,은마치안센터,서울 강남구 삼성로 236
56 ,부산청,부산중부,창선치안센터,광복중앙로1
57 ,부산청,부산동래,명장2치안센터,부산 동래구 명서로 111
58 ,부산청,부산동래,온천3치안센터,부산 동래구 석사북로 93
59 ,부산청,부산동래,사직2치안센터,부산 동래구 사직북로63번길 22
60 ,부산청,부산영도,영선2치안센터,부산 영도구 남항 새싹3길 2
61 ,부산청,부산영도,남항치안센터,부산 영도구 절영로 91
62 ,부산청,부산영도,동삼3치안센터,부산 영도구 상리로 41
63 ,부산청,부산영도,청학1치안센터,부산 영도구 하나길 813
64 ,부산청,부산영도,봉래치안센터,부산 영도구 봉래길 120
65 ,부산청,부산동부,초량2치안센터,동구 중앙대로 251번길 42
66 ,부산청,부산동부,역전치안센터,동구 중앙대로 210
67 ,부산청,부산부산진,시민공원치안센터,진구 시민공원로73
68 ,부산청,부산부산진,중앙치안센터,진구 중앙대로702번길47
69 ,부산청,부산부산진,부전2치안센터,진구 부전로33
70 ,부산청,부산부산진,당감1치안센터,진구 백양대로50
71 ,부산청,부산부산진,가야1치안센터,진구 대학로7
72 ,부산청,부산서부,서대치안센터,부산시 서구 서대신동2가 410-2
73 ,부산청,부산남부,용호2치안센터,남구 용주로 36
74 ,부산청,부산남부,대연1치안센터,남구 유엔평화로13번길 63
75 ,부산청,부산남부,용호1치안센터,남구 용호로42번길 27
76 ,부산청,부산남부,대연4치안센터,남구 유엔로 152
77 ,부산청,부산남부,남천2치안센터,수영구 남천동로 76
78 ,부산청,부산남부,광안1치안센터,수영구 수영로 635
79 ,부산청,부산해운대,우1치안센터,해운대구 우동1로 56
80 ,부산청,부산해운대,재송2치안센터,해운대구 해운대로81번길 117
81 ,부산청,부산해운대,중1치안센터,해운대구 중동1로37번길 22
82 ,부산청,부산해운대,좌3치안센터,해운대구 좌동순환로 20
83 ,부산청,부산사상,삼락치안센터,사상구 모덕로13
84 ,부산청,부산사상,괘법치안센터,사상구  사상로 202번길 27
85 ,부산청,부산사상,덕포2치안센터,사상구 모덕로 84
86 ,부산청,부산사상,주례1치안센터,사상구 가야대로255번길 17-5
87 ,부산청,부산금정,구서2치안센터,금정구 금강로565길 23 (구서동)
88 ,부산청,부산사하,괴정3치안센터,사하구 낙동대로 188
89 ,부산청,부산연제,연산5치안센터,연제구 월드컵대로165번길 70
90 ,부산청,부산연제,연산8치안센터,연제구 과정로 227
91 ,부산청,부산연제,거제1치안센터,연제구 거제대로286번길 6
92 ,부산청,부산연제,거제2치안센터, 연제구 해맞이로 103
93 ,부산청,부산북부,구포1치안센터,부산광역시 북구 구포만세길 169
94 ,대구청,대구중부,서문시장치안센터,대구광역시 중구 큰장로28길 2
95 ,대구청,대구중부,역전치안센터,대구광역시 중구 종로 101
96 ,대구청,대구동부,용계 치안센터,대구광역시 동구 동촌로 390
97 ,대구청,대구서부,평리치안센터,대구광역시 서구 문화로49길 8
98 ,대구청,대구남부,덕천치안센터,대구광역시  남구 앞산순환로 688
99 ,대구청,대구북부,칠성치안센터,대구광역시  북구 칠성로 105
100 ,대구청,대구수성,고산2동치안센터,대구광역시  수성구 시지로 46
101 ,대구청,대구수성,만촌1동치안센터,대구광역시  수성구 무열로 196
102 ,대구청,대구달서,도원치안센터,대구광역시 달서구 한실로 115
103 ,대구청,대구달서,상인2동치안센터,대구광역시 달서구 상원로 32
104 ,대구청,대구달서,상인3동치안센터,대구광역시 달서구 상인로 21
105 ,대구청,대구강북,칠곡치안센터,대구광역시 북구 칠곡중앙대로 563
106 ,대구청,대구강북,태전치안센터,대구광역시 북구 칠곡중앙대로 274
107 ,대구청,대구군위,소보치안센터,대구광역시 군위군 소보면 송원3길 12(송원리)
108 ,대구청,대구군위,산성치안센터,대구광역시 군위군 산성면 화본2길 3(화본1리)
109 ,대구청,대구군위,삼국유사치안센터,대구광역시 군위군 삼국유사면 삼국유사로 438-7 
110 ,대구청,대구군위,우보치안센터,대구광역시 군위군 우보면 이화길 127 
111 ,인천청,인천중부,도원치안센터,중구 샛골로 52
112 ,인천청,인천중부,대무의치안센터,중구 대무의로 310-11
113 ,인천청,인천중부,승봉치안센터,옹진군 자월면 승봉로 45-15
114 ,인천청,인천중부,대이작치안센터,옹진군 자월면 대이작로 27
115 ,인천청,인천중부,소이작치안센터,옹진군 자월면 소이작로 44
116 ,인천청,인천중부,자월치안센터,옹진군 자월면 자월서로 101번길 164
117 ,인천청,인천중부,장봉치안센터,옹진군 북도면 장봉로 519번길 36
118 ,인천청,인천중부,울도치안센터,옹진군 덕적면 울도로 200
119 ,인천청,인천중부,문갑치안센터,옹진군 덕적면 문갑1길 6
120 ,인천청,인천중부,소연평치안센터,옹진군 연평면 소연평로 19-7
121 ,인천청,인천중부,소청치안센터,옹진군 대청면 소청동로 76번길 21
122 ,인천청,인천미추홀,도화2치안센터,미추홀구 숙골로 43번길 158-29
123 ,인천청,인천미추홀,제물포치안센터,미추홀구 수봉로 14
124 ,인천청,인천미추홀,관교치안센터,미추홀구 인하로 448
125 ,인천청,인천미추홀,주안3치안센터,미추홀구 인하로 196
126 ,인천청,인천남동,구월1치안센터,인천 남동구 용천로 19
127 ,인천청,인천남동,간석1치안센터,인천 남동구 구월로 137번길 39
128 ,인천청,인천남동,간석3치안센터,인천 남동구 백범로 340
129 ,인천청,인천부평,청천1치안센터,부평구 마장로 443
130 ,인천청,인천서부,신현치안센터,서구 가정로 333번길 1
131 ,인천청,인천계양,서운치안센터,계양구 효서로 367
132 ,인천청,인천계양,작전치안센터,계양구 계양대로 33
133 ,인천청,인천계양,효성2치안센터,계양구 마장로 557
134 ,인천청,인천강화,서검치안센터,강화군 삼산면 서검로 156-1
135 ,인천청,인천강화,볼음치안센터,강화군 서도면 볼음도길 224
136 ,인천청,인천연수,연수1치안센터,연수구 먼우금로 289
137 ,인천청,인천논현,만수1치안센터,남동구 만수동965-13
138 ,광주청,광주동부,충장치안센터,광주광역시 동구 충장로 64
139 ,광주청,광주서부,서창치안센터,광주광역시 서구 눌재로 258
140 ,대전청,대전중부,석교치안센터,중구 대종로 192
141 ,대전청,대전동부,홍도치안센터,동구 동산초교로 23번길 41-2
142 ,대전청,대전동부,자양치안센터,동구 동대전로 166
143 ,대전청,대전서부,도마1치안센터,서구 도화공원길 7
144 ,대전청,대전서부,기성치안센터,서구 벌곡로 672
145 ,대전청,대전서부,정림치안센터,서구 정림동로 8-5
146 ,대전청,대전대덕,비래치안센터,대덕구 동서대로 1819
147 ,대전청,대전둔산,월평1치안센터,서구 월평서로 13-1
148 ,대전청,대전유성,어은치안센터,유성구 농대로 20
149 ,대전청,대전유성,전민치안센터,유성구 엑스포로 466번길 55
150 ,울산청,울산중부,성남치안센터,중구 만남의 거리 11
151 ,울산청,울산중부,다운치안센터,중구 다운로 87
152 ,울산청,울산남부,장생포치안센터,남구 장생포고래로 185
153 ,울산청,울산남부,신선치안센터,남구 중앙로 25
154 ,울산청,울산울주,삼동치안센터,울산시 울주군 삼동면 사촌길 17
155 ,세종청,세종북부,연서치안센터,세종시 연서면 당산로 347
156 ,세종청,세종남부,장군치안센터,세종시 장군면 장척로 393
157 ,세종청,세종북부,소정치안센터,세종시 소정면 소정구길 160
158 ,경기남부청,안양동안,공동체협력,안양시 동안구 평촌대로 372
159 ,경기남부청,군포,산본치안센터,경기 군포시 군포로 761번길 69
160 ,경기남부청,성남수정,양지치안센터,성남시 수정구 산성대로 595번길 5
161 ,경기남부청,성남수정,신흥2치안센터,성남시 수정구 수정로 279번길 5(신흥2동)
162 ,경기남부청,성남중원,공단치안센터,경기 성남시 중원구 갈마치로 259
163 ,경기남부청,성남중원,하대원치안센터,경기 성남시 중원구 둔촌대로 217번길 3
164 ,경기남부청,분당,야탑3치안센터,경기도 성남시분당구 판교로 679
165 ,경기남부청,분당,장안치안센터,경기도 성남시분당구 장안로26번길 10
166 ,경기남부청,부천소사,소삼치안센터,경기도 부천시 소사구 은성로51번길 10
167 ,경기남부청,부천오정,오정치안센터,경기 부천시 오정구 부천로478번길 34(오정동)
168 ,경기남부청,안산단원,풍도치안센터,안산시 단원구 풍도길 8
169 ,경기남부청,평택,성내치안센터,평택시 평택로 55
170 ,경기남부청,화성서부,제부도치안센터,화성시 서신면 해안길421-5
171 ,경기남부청,화성서부,국화도치안센터,화성시 우정읍 국화길 26
172 ,경기남부청,과천,대공원치안센터,경기 과천 대공원 광장로 104 
173 ,경기남부청,안성,서운치안센터,안성시 서운면 서운중앙길 43
174 ,경기남부청,안성,고삼치안센터,안성시 고삼면 고삼호수로 9
175 ,경기남부청,안성,미양치안센터,안성시 미양면 양지길 19
176 ,경기북부청,의정부,동부치안센터,의정부시 행복로 9-1
177 ,경기북부청,의정부,장암치안센터,의정부시 장곡로 205번길 21
178 ,경기북부청,일산동부,마두2치안센터,일산동구강송로165
179 ,경기북부청,고양,효자치안센터,북한산로387번길 21
180 ,강원청,춘천,동면치안센터,춘천시 동면 가산로 4
181 ,강원청,춘천,동산치안센터,춘천시 동산면 영서로 414
182 ,강원청,춘천,동부동치안센터,춘천시 삭주로 1
183 ,강원청,춘천,북산치안센터,춘천시 북산면 춘양로 1555
184 ,강원청,춘천,남면치안센터,춘천시 남면 소주고개로 8-1
185 ,강원청,춘천,의암치안센터,춘천시 서면 박사로 266
186 ,강원청,강릉,경포치안센터,강릉시 해안로 498
187 ,강원청,강릉,사천치안센터,강릉시 사천면 미노길 66
188 ,강원청,강릉,성산치안센터,강릉시 성산면 구산길 54
189 ,강원청,원주,소초치안센터,원주시 소초면 치악로 2788
190 ,강원청,원주,귀래치안센터,원주시 귀래면 북원로 110
191 ,강원청,원주,호저치안센터,원주시 호저면 호저로 404
192 ,강원청,원주,신림치안센터,원주시 신림면 치악로 30
193 ,강원청,동해,송정치안센터,동해시 대동로 375
194 ,강원청,동해,삼화치안센터,동해시 효자로 251
195 ,강원청,동해,부곡치안센터,동해시 발한로 73
196 ,강원청,동해,망상치안센터,동해시 동해대로 6265
197 ,강원청,태백,사조치안센터,태백시 역둔원동로 1412
198 ,강원청,속초,중앙치안센터,속초시 중앙로 166
199 ,강원청,속초,설악치안센터,속초시 청봉로5길 41
200 ,강원청,삼척,노곡치안센터,삼척시 노곡면 노곡로 15
201 ,강원청,삼척,신기치안센터,삼척시 신기면 신기역길 24
202 ,강원청,삼척,가곡치안센터,삼척시 가곡면 오저길 8
203 ,강원청,영월,북면치안센터,영월군 북면 마차중앙1길 44
204 ,강원청,영월,상동치안센터,영월군 상동읍 상동시장길 14
205 ,강원청,영월,쌍용치안센터,영월군 한반도면 쌍용로 230
206 ,강원청,영월,무릉도원치안센터,영월군 수주면 도원운학로 255-1
207 ,강원청,정선,북평치안센터,정선군 북평면 북평1길 43-15
208 ,강원청,정선,함백치안센터,정선군 신동읍 함백로 332
209 ,강원청,홍천,북방치안센터,홍천군 북방면 두개비산로 328
210 ,강원청,평창,미탄치안센터,평창군 미탄면 미탄중앙로 33
211 ,강원청,평창,용평치안센터,평창군 용평면 경강로 2003-3
212 ,강원청,횡성,공근치안센터,횡성군 공근면 영서로 239
213 ,강원청,횡성,갑천치안센터,횡성군 갑천면 청정로 261
214 ,강원청,고성,현내치안센터,고성군 현내면 금강산로 151
215 ,강원청,인제,한계치안센터,인제군 북면 설악로 3341
216 ,강원청,인제,용대치안센터,인제군 북면 미시령로 1114
217 ,강원청,인제,상남치안센터,인제군 상남면 상남로 29
218 ,강원청,철원,오덕치안센터,철원군 동송읍 오덕로 154
219 ,강원청,철원,자등치안센터,철원군 서면 자등로 599
220 ,강원청,철원,근남치안센터,철원군 근남면 하오재로 2066
221 ,충북청,청주상당,낭성치안센터,충북 청주시 상당구 낭성 시내길 31
222 ,충북청,청주청원,북이치안센터,충북 청주시 청원구 북이면 충청대로 1139
223 ,충북청,충주,주덕치안센터,충북 충주시 주덕읍 충청대로 2447
224 ,충북청,충주,소태치안센터,충북 충주시 소태면 소태로 247
225 ,충북청,충주,산척치안센터,충북 충주시 산척면 천등박달로 141
226 ,충북청,제천,금성치안센터,충북 제천시 금성면 청풍호로1043
227 ,충북청,제천,송학치안센터,충북 제천시 송학면 송학로 199
228 ,충북청,제천,백운치안센터,충북 제천시 백운면 천등박달로1344
229 ,충북청,제천,수산치안센터,충북 제천시 수산면 월악로 26길47
230 ,충북청,제천,한수치안센터,충북 제천시 한수면 미륵송계기로6길14
231 ,충북청,음성,원남치안센터,충북 음성군 원남면 보천로 64
232 ,충북청,음성,소이치안센터,충북 음성군 소이면 대장로 67
233 ,충북청,음성,생극치안센터,충북 음성군 생극면 음성로 1643
234 ,충북청,영동,심천치안센터,충북 영동군 심천면 심천로 6길 10-7
235 ,충북청,영동,추풍령치안센터,충북 영동군 추풍령면 추풍령로441
236 ,충북청,영동,양산치안센터,충북 영동군 양산면 금강로1516
237 ,충북청,영동,용화치안센터,충북 영동군 용화면 용화양강로 18
238 ,충북청,영동,매곡치안센터,충북 영동군 매곡면 민주지산로 3571
239 ,충북청,괴산,도안치안센터,충북 증평군 도안면 화성로 85
240 ,충북청,괴산,소수치안센터,충북 괴산군 소수면 소수로6길 1
241 ,충북청,괴산,송면치안센터,충북 괴산군 청천면 문장로 3110
242 ,충북청,괴산,장연치안센터,충북 괴산군 장연면 미선로 778
243 ,충북청,괴산,사리치안센터,충북 괴산군 사리면 모래재로 339
244 ,충북청,괴산,감물치안센터,충북 괴산군 감물면 감물로 64
245 ,충북청,단양,적성치안센터,충북 단양군 적성면 금수산로 957-1
246 ,충북청,단양,어상천치안센터,충북 단양군 어상천면 어상천로 956
247 ,충북청,단양,단성치안센터,충북 단양군 단성면 월악로 4660
248 ,충북청,보은,수한치안센터,충북 보은군 수한면 안내보은로 896(묘서리)
249 ,충북청,보은,탄부치안센터,충북 보은군 탄부면 하장2길 9(하장리)
250 ,충북청,보은,회남치안센터,충북 보은군 회남로 1940(조곡리)
251 ,충북청,옥천,군서치안센터,충북 옥천군 군서면 성왕로 545
252 ,충북청,옥천,안남치안센터,충북 옥천군 안남면 연주길 17
253 ,충북청,진천,사석치안센터,충북 진천군 진천읍 문진로 1042
254 ,충북청,진천,문백치안센터,충북 진천군 문백면 문진로 469-5
255 ,충북청,진천,백곡치안센터,충북 진천군 백곡면 장터길 16-22
256 ,충남청,천안동남,북면치안센터,충남 천안시 동남구 목천읍 위례성로 693
257 ,충남청,천안동남,동면치안센터,충남 천안시 동남구 동면 동산1길 39
258 ,충남청,천안동남,성남치안센터,충남 천안시 동남구 성남면 신사대화로 153
259 ,충남청,천안동남,풍세치안센터,충남 천안시 동남구 풍세면 풍년길 27
260 ,충남청,서산,지곡치안센터,서산시 지곡면 화천1로 98
261 ,충남청,서산,음암치안센터,서산시 음암면 운암로 385
262 ,충남청,서산,운산치안센터,서산시 운산면 운암로 1042
263 ,충남청,서산,인지치안센터,서산시 인지면 무학로 1675
264 ,충남청,아산,온주치안센터,아산시 외암로 1413
265 ,충남청,아산,송악치안센터,아산시 송악면 송악로 793
266 ,충남청,아산,염치치안센터,아산시 염치읍 염성길 101
267 ,충남청,아산,선장치안센터,아산시 선장면 서부남로 13
268 ,충남청,논산,은진치안센터,충청남도 논산시 은진면 매죽헌로 23
269 ,충남청,논산,채운치안센터,충청남도 논산시 채운면 계백로588번길 57
270 ,충남청,논산,가야곡치안센터,충청남도 논산시 가야곡면 덕은로 21
271 ,충남청,논산,광석치안센터,충청남도 논산시 광석면 광석로 99
272 ,충남청,논산,성동치안센터,충청남도 논산시 성동면 성동로 264
273 ,충남청,논산,벌곡치안센터,충청남도 논산시 벌곡면 황룡재로 592
274 ,충남청,논산,부적치안센터,충청남도 논산시 부적면 계백로 1378
275 ,충남청,논산,노성치안센터,충청남도 논산시 노성면 논산평야로 1463
276 ,충남청,공주,의당치안센터,공주시 의당로 323
277 ,충남청,공주,왕릉치안센터,공주시 봉황로 172
278 ,충남청,공주,신풍치안센터,공주시 신풍길 93-2
279 ,충남청,공주,탄천치안센터,공주시 통산로 162
280 ,충남청,공주,동학사치안센터,공주시 동학사1로 273
281 ,충남청,공주,사곡치안센터,공주시 마곡사로 99-4
282 ,충남청,보령,청라치안센터,충남 보령시 청라면 원모루길 219
283 ,충남청,보령,남포치안센터,충남 보령시 남포면 충서로1846
284 ,충남청,보령,원산도치안센터,충남 보령시 오천면 원산도 3길
285 ,충남청,보령,장고도치안센터,충남 보령시 오천면 장고도1길 29
286 ,충남청,보령,외연도치안센터,충남 보령시 오천면 외연도1길 102
287 ,충남청,보령,호도치안센터,충남 보령시 오천면 호도길10-16
288 ,충남청,보령,고대도치안센터,충남 보령시 오천면 고대도2길 60
289 ,충남청,보령,삽시도치안센터,충남 보령시 오천면 삽시도길 168-12
290 ,충남청,보령,녹도치안센터,충남 보령시 오천면 녹도2길 4
291 ,충남청,보령,주산치안센터,충남 보령시 주산면 충서로410-5
292 ,충남청,보령,주교치안센터,충남 보령시 주교면 울계큰길 364
293 ,충남청,보령,청소치안센터,충남 보령시 청소면 청소큰길 137
294 ,충남청,당진,우강치안센터,충남 당진시 우강면 평야2로 52
295 ,충남청,당진,고대치안센터,충남 당진시 고대면 구장터길5
296 ,충남청,당진,정미치안센터,충남 당진시 정미면 천의길 2
297 ,충남청,당진,대호지치안센터,충남 당진시 대호지면 4.4만세로 35
298 ,충남청,당진,대난지도치안센터,충남 당진시 난지1길 359
299 ,충남청,홍성,구항치안센터,충남 홍성군 구항면 구항길61번길 5 구항치안센터
300 ,충남청,홍성,은하치안센터,충남 홍성군 은하면 은하로 246 은하치안센터
301 ,충남청,홍성,결성치안센터,충남 홍성군 결성면 홍남서로 733 결성치안센터
302 ,충남청,홍성,장곡치안센터,충남 홍성군 장곡면 홍남동로 471 장곡치안센터
303 ,충남청,홍성,홍북치안센터,충남 홍성군 홍북읍 홍북로 442-1
304 ,충남청,예산,읍내치안센터,충남 예산군 예산로 194
305 ,충남청,예산,오가치안센터,충남 예산군 오가면 오가중앙로 159-6
306 ,충남청,예산,응봉치안센터,충남 예산군 응봉면 응봉로 165
307 ,충남청,예산,고덕치안센터,충남 예산군 고덕면 고덕중앙로 56
308 ,충남청,예산,봉산치안센터,충남 예산군 봉산면 봉산로 367
309 ,충남청,예산,신암치안센터,충남 예산군 신암면 추사고택로 2
310 ,충남청,예산,신양치안센터,충남 예산군 신양면 청신로 368
311 ,충남청,예산,대흥치안센터,충남 예산군 대흥면 예당로 859
312 ,충남청,부여,옥산치안센터,부여군 옥산면 안골로 1
313 ,충남청,부여,양화치안센터,부여군 양화면 입포로53번길 10-3
314 ,충남청,부여,충화치안센터,부여군 충화면 팔충로 766
315 ,충남청,부여,장암치안센터,부여군 장암면 장암로 7
316 ,충남청,부여,남면치안센터,부여군 남면 남성로 422
317 ,충남청,부여,초촌치안센터,부여군 초촌면 초촌로 37
318 ,충남청,부여,내산치안센터,부여군 내산면 성충로 1012
319 ,충남청,서천,시초치안센터,충청남도 서천군 시초면 시초북로 21
320 ,충남청,서천,기산치안센터,충청남도 서천군 기산길 70-2
321 ,충남청,서천,종천치안센터,충청남도 서천군 종천면 충서로 442
322 ,충남청,서천,화양치안센터,충청남도 서천군 화양면 옥포길8번길 12
323 ,충남청,금산,군북치안센터,충청남도 금산군 군북면 군북로 722
324 ,충남청,금산,부리치안센터,충청남도 금산군 부리면 무금로 1630
325 ,충남청,금산,남일치안센터,충청남도 금산군 남일면 금산로 494
326 ,충남청,청양,대치치안센터,충청남도 청양군 대치면 칠갑산로495
327 ,충남청,청양,목면치안센터,충청남도 청양군 목면 안심길 170  
328 ,충남청,청양,청남치안센터,충청남도 청양군 청남면 명덕로 225
329 ,충남청,청양,미당치안센터,충청남도 청양군 장평면 미당큰길 57
330 ,충남청,청양,남양치안센터,충청남도 청양군 남양면 만수로 1609
331 ,충남청,태안,고남치안센터,태안군 고남면 빗독1길 42-1
332 ,충남청,태안,이원치안센터,태안군 이원면 원이로 1542
333 ,전북청,전주완산,서곡치안센터,전주시 완산구 세내로 552
334 ,전북청,군산,연도치안센터,옥도면 연도1길 24
335 ,전북청,군산,비안도치안센터,옥도면 비안도2길 15
336 ,전북청,군산,관리도치안센터,옥도면 관리도길 56-8
337 ,전북청,군산,방축도치안센터,옥도면 방축도1길 16
338 ,전북청,군산,명도치안센터,옥도면 명도길 21-8
339 ,전북청,군산,말도치안센터,옥도면 말도길 119
340 ,전북청,군산,문화치안센터,군산시 팔마로 60
341 ,전북청,익산,남중치안센터,익산시 익산대로 52길 43
342 ,전북청,익산,팔봉치안센터,익산시 무왕로 1415
343 ,전북청,정읍,공원치안센타,정읍시 내장산로 930-5
344 ,전북청,정읍,내장치안센타,정읍시 대식길 30
345 ,전북청,정읍,정우치안센타,정읍시 정우면 정신로 592
346 ,전북청,정읍,화호치안센타,정읍시 신태인읍 석지로 225
347 ,전북청,정읍,옹동치안센타,정읍시 옹지동촌로 201번지
348 ,전북청,정읍,영원치안센타,정읍시 고부면 영주로 542
349 ,전북청,정읍,덕천치안센타,정읍시 덕천면 황토현로 304
350 ,전북청,남원,노암치안센터, 남원시 쑥고개로 55
351 ,전북청,남원,주천치안센타, 남원시 정령치로 93
352 ,전북청,남원,산동치안센타, 남원시 요천로 2917
353 ,전북청,남원,이백치안센타, 남원시 과리길 7
354 ,전북청,남원,대산치안센타,남원시 운교1길 22
355 ,전북청,남원,덕과치안센타, 남원시 덕과로 4
356 ,전북청,남원,주생치안센타,남원시 요천로 823
357 ,전북청,남원,수지치안센타, 남원시 고주로 620
358 ,전북청,김제,요촌치안센터,김제시 동서3길 57
359 ,전북청,김제,부량치안센터,김제시 벽골제로 202
360 ,전북청,김제,황산치안센터,김제시 황산면 용마로 124
361 ,전북청,김제,청하치안센터,김제시 청하면 만경로 1499
362 ,전북청,김제,성덕치안센터,김제시 성덕면 지평선로 88
363 ,전북청,김제,광활치안센터,김제시 광활면 광활11길 38
364 ,전북청,완주,비봉치안센터,완주군 비봉면 천호로 566
365 ,전북청,완주,경천치안센터,전라북도 완주군 경천면 대둔산로 251
366 ,전북청,완주,동상치안센터,완주군 동상면 동상로 1407
367 ,전북청,고창,고수치안센터 ,고창군 고수면 고인돌대로 1406
368 ,전북청,고창,상하치안센터,고창군 상하면 상하로 84
369 ,전북청,고창,심원치안센터,고창군 심원면 심원로 207
370 ,전북청,고창,성내치안센터,고창군 성내면 시기1길 61
371 ,전북청,고창,신림치안센터,고창군 신림면 신림로 178
372 ,전북청,부안,동진치안센터,부안군 동진로 106
373 ,전북청,부안,백산치안센터,부안군 백산로 339
374 ,전북청,부안,행안치안센터, 부안군 변산로 117
375 ,전북청,부안,변산치안센터,부안군 지서로 69
376 ,전북청,부안,식도치안센터, 부안군 식도1길 4-5
377 ,전북청,임실,삼계치안센터,임실군 삼계면 충효로 1286
378 ,전북청,임실,성수치안센터, 임실군 성수면 임진로 176
379 ,전북청,임실,지사치안센터, 임실군 지사면 충효로 2413
380 ,전북청,임실,청웅치안센터, 임실군 청웅면 청웅로 193
381 ,전북청,임실,신덕치안센터, 임실군 신덕면 수리로 97
382 ,전북청,임실,덕치치안센터, 임실군 덕치면 인덕로 1395
383 ,전북청,임실,운암치안센터, 임실군 운암면 상운길 58
384 ,전북청,순창,유등치안센터,순창군 유등면 유등로 385
385 ,전북청,순창,풍산치안센터,순창군 풍산면 금풍로 1027
386 ,전북청,순창,인계치안센터,순창군 인계면 인덕로 221
387 ,전북청,순창,금과치안센터,순창군 금과면 금풍로 5
388 ,전북청,순창,적성치안센터,순창군 적성면 적성로 143
389 ,전북청,진안,상전치안센터,진안군 상전면 진성로 246
390 ,전북청,진안,안천치안센터,진안군 안천면 노성리 692-2
391 ,전북청,진안,용담치안센터,진안군 용담면 송풍리 903-7
392 ,전북청,장수,계남치안센타,장수군 계남면 장수로 3073
393 ,전북청,무주,괴목치안센터, 무주군 적상면 괴목로 542
394 ,전남청,목포서,달리도치안센터,전남 목포시 달리길 361
395 ,전남청,목포서,율도치안센터,전남 목포시 율도안길 1-4
396 ,전남청,여수서,무선치안센터,전남 여수시 성산로 43
397 ,전남청,여수서,안산치안센터,전남 여수시 소호로 644
398 ,전남청,여수서,대경도치안센터,전남 여수시 대경도2길 14
399 ,전남청,여수서,국동치안센터,전남 여수시 어항단지로 18
400 ,전남청,여수서,초도치안센터,전남 여수시 삼산면 대동길 10
401 ,전남청,여수서,손죽치안센터,전남 여수시 삼산면 평도길 42
402 ,전남청,여수서,개도치안센터,전남 여수시 화정면 개도화산1길 4
403 ,전남청,여수서,낭도치안센터,전남 여수시 화정면 여산길 75
404 ,전남청,여수서,월호치안센터,전남 여수시 화정면 월호골길 10
405 ,전남청,여수서,여자치안센터,전남 여수시 화정면 여자대동길 29-4
406 ,전남청,여수서,적금치안센터,전남 여수시 화정면 적금뒷등길 5-12
407 ,전남청,여수서,연도치안센터,전남 여수시 남면 연도리 1619-10
408 ,전남청,순천서,상사치안센터,전남 순천시 상사면 상사호길 336
409 ,전남청,순천서,월등치안센터,전남 순천시 월등면 월등로 552
410 ,전남청,순천서,외서치안센터,전남 순천시 외서면 쌍향수길 476
411 ,전남청,나주서,다도치안센터,전남 나주시 다도면 다도로 767
412 ,전남청,나주서,세지치안센터,전남 나주시 세지면 동창로 120
413 ,전남청,나주서,문평치안센터,전남 나주시 문평면 안곡리 119-4
414 ,전남청,나주서,동강치안센터,전남 나주시 동강면 동강로 569
415 ,전남청,나주서,반남치안센터,전남 나주시 반남면 고분로 607
416 ,전남청,광양서,봉강치안센터,전남 광양시 봉강면 조양길 47
417 ,전남청,광양서,진월치안센터,전남 광양시 진월면 선소중앙길 34
418 ,전남청,광양서,다압치안센터,전남 광양시 다압면 섬진강매화로 2137
419 ,전남청,고흥서,두원치안센터,전남 고흥군 두원면 두원로 456
420 ,전남청,고흥서,도덕치안센터,전남 고흥군 도덕면 고흥로 481
421 ,전남청,고흥서,시산치안센터,전남 고흥군 도양읍 시산살푸섬길 7-2
422 ,전남청,고흥서,남양치안센터,전남 고흥군 남양면 남양희망길 5-4
423 ,전남청,고흥서,탄포치안센터,전남 고흥군 남양면 우주항공로 4070
424 ,전남청,고흥서,동일치안센터,전남 고흥군 동일면 우주로 2613
425 ,전남청,해남서,계곡치안센터,전남 해남군 계곡면 해남로 1438
426 ,전남청,해남서,북일치안센터,전남 해남군 북일면 만월길 26-8
427 ,전남청,무안서,망운치안센터,전남 무안군 망운면 망운로 5
428 ,전남청,무안서,몽탄치안센터,전남 무안군 몽탄면 몽탄로 846
429 ,전남청,장흥서,부산치안센터,전남 장흥군 부산면 부산로 3
430 ,전남청,장흥서,유치치안센터,전남 장흥군 유치면 유치로 32
431 ,전남청,장흥서,장동치안센터,전남 장흥군 장동면 흥성로 1568
432 ,전남청,보성서,웅치치안센터,전남 보성군 웅치면 일림로 1020
433 ,전남청,보성서,장도치안센터,전남 보성군 벌교읍 장도길 204-13
434 ,전남청,보성서,문덕치안센터,전남 보성군 문덕면 장운길 50
435 ,전남청,보성서,율어치안센터,전남 보성군 율어면 율어로 554
436 ,전남청,보성서,노동치안센터,전남 보성군 노동면 광곡길 19-2
437 ,전남청,영광서,불갑치안센터,전남 영광군 불갑면 함영로 2902
438 ,전남청,영광서,군서치안센터,전남 영광군 군서면 군서로 9
439 ,전남청,영광서,안마치안센터,전남 영광군 낙월면 안마길 22
440 ,전남청,화순서,이십곡치안센터,전남 화순군 화순읍 화보로 4254
441 ,전남청,화순서,춘양치안센터,전남 화순군 춘양면 춘양로 108
442 ,전남청,화순서,한천치안센터,전남 화순군 한천면 한계1길 52
443 ,전남청,화순서,도암치안센터,전남 화순군 도암면 천태로 425
444 ,전남청,화순서,청풍치안센터,전남 화순군 청풍면 평지촌길 28
445 ,전남청,화순서,이서치안센터,전남 화순군 이서면 적벽로 817
446 ,전남청,화순서,백아치안센터,전남 화순군 백아면 학천길 22
447 ,전남청,함평서,주포치안센터,전남 함평군 함평읍 주포로 343
448 ,전남청,함평서,엄다치안센터,전남 함평군 엄다면 엄다길 9
449 ,전남청,함평서,신광치안센터,전남 함평군 신광면 신광중앙길 67
450 ,전남청,영암서,덕진치안센터,전남 영암군 덕진면 내촌길 18-5
451 ,전남청,영암서,미암치안센터,전남 영암군 미암면 미중로 15-8
452 ,전남청,영암서,서호치안센터,전남 영암군 서호면 서호로 316
453 ,전남청,영암서,도포치안센터,전남 영암군 도포면 호산로 27
454 ,전남청,영암서,금정치안센터,전남 영암군 금정면 용두로 11-12
455 ,전남청,장성서,황룡치안센터,전남 장성군 황룡면 뱃나드리로 91
456 ,전남청,장성서,동화치안센터,전남 장성군 동화면 삼동로 728
457 ,전남청,장성서,서삼치안센터,전남 장성군 서삼면 축령로 349
458 ,전남청,장성서,북상치안센터,전남 장성군 북하면 백양로 608
459 ,전남청,장성서,진원치안센터,전남 장성군 진원면 노사로 509
460 ,전남청,강진서,신전치안센터,전남 강진군 신전면 신전중앙길 25
461 ,전남청,강진서,병영치안센터,전남 강진군 병영면 병영성로 143
462 ,전남청,강진서,옴천치안센터,전남 강진군 옴천면 옴천중앙로 43
463 ,전남청,강진서,대구치안센터,전남 강진군 대구면 청자로 1827
464 ,전남청,담양서,용면치안센터,전남 담양군 용면 추령로 1
465 ,전남청,담양서,월산치안센터,전남 담양군 월산면 도개길 170
466 ,전남청,담양서,봉산치안센터,전남 담양군 봉산면 면앙정로 152
467 ,전남청,담양서,가사문학치안센터,전남 담양군 가사문학면 가사문학로 1133
468 ,전남청,담양서,대덕치안센터,전남 담양군 대덕면 대조동1길 5
469 ,전남청,담양서,무정치안센터,전남 담양군 무정면 무정로 523
470 ,전남청,곡성서,겸면치안센터,전남 곡성군  겸면 곡순로 1850
471 ,전남청,곡성서,목사동치안센터,전남 곡성군  목사동면 주목로 763
472 ,전남청,곡성서,고달치안센터,전남 곡성군  고달면 목동1길 12 
473 ,전남청,곡성서,오산치안센터,전남 곡성군  오산면 오산로 607
474 ,전남청,완도서,백일치안센터,전남 완도군 군외면 백일도길 36
475 ,전남청,완도서,생일치안센터,전남 완도군 생일면 생일로 593
476 ,전남청,완도서,덕우치안센터,전남 완도군 고금면 고금로 1228
477 ,전남청,완도서,여서치안센터,전남 완도군 청산면 여서도길 15
478 ,전남청,완도서,대모치안센터,전남 완도군 청산면 대모도29번길15
479 ,전남청,완도서,횡간치안센터,전남 완도군 소안면 횡간도길 18
480 ,전남청,완도서,넙도치안센터,전남 완도군 노화읍 방축길 18-1
481 ,전남청,진도서,녹진치안센터,전남 진도군 군내면 진도대로 8499
482 ,전남청,진도서,관매도치안센터,전남 진도군 조도면 관매도길 37
483 ,전남청,진도서,가사도치안센터,전남 진도군 조도면 가사도길 94
484 ,전남청,진도서,동거차도치안센터,전남 진도군 조도면 동거차동육길 50
485 ,전남청,구례서,문척치안센터,전남 구례군 문척면 수달생태로 258
486 ,전남청,구례서,용방치안센터,전남 구례군 용방면 용방로 475
487 ,전남청,신안서,다물도치안센터,전남 신안군 흑산면 다물도길 33-21
488 ,전남청,신안서,대둔도치안센터,전남 신안군 흑산면 수리길 57
489 ,전남청,신안서,영산도치안센터,전남 신안군 흑산면 영산길 19-9
490 ,전남청,신안서,하태도치안센터,전남 신안군 흑산면 하태도길 46-11
491 ,전남청,신안서,홍도치안센터,전남 신안군 흑산면 홍도1길 32. (홍도연안여객선터미널 3층)
492 ,전남청,신안서,만재도치안센터,전남 신안군 흑산면 만재도길 60-4
493 ,전남청,신안서,자라도치안센터,전남 신안군 안좌면 자라길 6-3
494 ,전남청,신안서,사치도치안센터,전남 신안군 안좌면 사치도길 19
495 ,전남청,신안서,고이도치안센터,전남 신안군 압해읍 고이길 32
496 ,전남청,신안서,수치도치안센터,전남 신안군 비금면 수치도길 225-30
497 ,전남청,신안서,우이도치안센터,전남 신안군 도초면 우이진리길 34-5
498 ,전남청,신안서,마진도치안센터,전남 신안군 장산면 마진도길 32-12
499 ,전남청,신안서,재원도치안센터,전남 신안군 임자면 재원길 23-10
500 ,전남청,신안서,당사도치안센터,전남 신안군 암태면 당사도길 224
501 ,전남청,신안서,옥도치안센터,전남 신안군 하의면 옥도길 146-17
502 ,전남청,신안서,어의도치안센터,전남 신안군 지도읍 어의길 1-2
503 ,전남청,신안서,선도치안센터,전남 신안군 지도읍 매계길 17
504 ,전남청,신안서,병풍도치안센터,전남 신안군 증도면 병풍1길 42-6
505 ,전남청,신안서,매화치안센터,전남 신안군 압해읍 매화길 700
506 ,전남청,신안서,압해치안센터,전남 신안군 압해읍 압해로 283
507 ,경북청,경주,옥산치안센터,경주시 안강읍 호국로 2355
508 ,경북청,포북,중앙치안센터, 포항시 북구 중앙로 298번길 13-1
509 ,경북청,포북,상옥치안센터,포항시 북구 죽장면 죽장로 1790
510 ,경북청,포남,대해치안센터,포항시 남구 양학천로 118번길 37
511 ,경북청,포남,운하치안센터,포항시 남구 해동로 133
512 ,경북청,포남,청림치안센터,포항시 남구 동해안로 6133
513 ,경북청,구미,송정치안센터,구미시 송원동로 16
514 ,경북청,구미,공단치안센터,구미시 1공단로 198-6
515 ,경북청,구미,광평치안센터,구미시 구미대로19길 4
516 ,경북청,경산,역전치안센터,경산시 중앙로 24
517 ,경북청,경산,남천치안센터,경산시 남천면 남천로 456
518 ,경북청,경산,남산치안센터,경산시 남산면 하날로 315
519 ,경북청,경산,용성치안센터,경산시 용성면 원효로 1415
520 ,경북청,경산,청천치안센터,경산시 하양읍 대경로 107-4
521 ,경북청,안동,서후치안센터,안동시 서후면 학가산온천길 369
522 ,경북청,안동,서부치안센터,안동시 제비원로 217
523 ,경북청,안동,검무치안센터,안동시 풍천면  갈전리 857
524 ,경북청,김천,황남치안센터,김천시 양금로 229
525 ,경북청,김천,봉산치안센터,김천시 봉산면 예지송정길 17-7
526 ,경북청,김천,농소치안센터,김천시 농소면 농남로 48
527 ,경북청,김천,개령치안센터,김천시 개량면 동부길 55
528 ,경북청,김천,감천치안센터,김천시 감천면 금감로 1547
529 ,경북청,김천,부항치안센터,김천시 부항면 사동 3길 12
530 ,경북청,김천,증산치안센터,김천시 증산면 증산로 945-21
531 ,경북청,영주,남부치안센터,영주시 구성로 260
532 ,경북청,영주,평은치안센터,영주시 평은면 신평로 28-7
533 ,경북청,영천,서부치안센터,영천시 향군로 19(화룡동)
534 ,경북청,영천,화북치안센터,영천시 화북면 화북길 59
535 ,경북청,영천,자양치안센터,영천시 자양면 포은로 1625
536 ,경북청,영천,단포치안센터,영천시 고경면 호국로 363
537 ,경북청,상주,북문치안센터,상주시 북천로 67
538 ,경북청,상주,이안치안센터,상주시 이안면 양범안룡길 31
539 ,경북청,상주,외서치안센터,상주시 외서면 우산로 569
540 ,경북청,문경,동로치안센터,문경시 동로면 여우목로 2795
541 ,경북청,문경,영순치안센터,문경시 영순면 영순로 275
542 ,경북청,문경,호계치안센터,문경시 호계면 막곡장터 19
543 ,경북청,칠곡,기산치안센터,칠곡군 기산면 주산로1209
544 ,경북청,의성,단촌치안센터,의성군 단촌면 신기길 29
545 ,경북청,의성,비안치안센터,의성군 비안면 강변길 27
546 ,경북청,의성,신평치안센터,의성군 신평면 봉호로 2466-6
547 ,경북청,의성,가음치안센터,의성군 가음면 금성현서로 461
548 ,경북청,청도,운문치안센터,청도군 운문면 청려로 4731
549 ,경북청,청도,각남치안센터,청도군 각남면 각남로 65
550 ,경북청,영덕,지품치안센터,영덕군 지품면 경동로 7173-3
551 ,경북청,영덕,달산치안센터,영덕군 달산면 팔각산로 1823
552 ,경북청,영덕,창수치안센터,영덕군 창수면 창수영해로 17
553 ,경북청,울진,매화치안센터,울진군 매화면 원남로 468
554 ,경북청,울진,온정치안센터,울진군 온정면 온정학교길 10
555 ,경북청,봉화,재산치안센터,봉화군 재산면 재산로 489
556 ,경북청,봉화,서벽치안센터,봉화군 춘양면 춘양로 1434
557 ,경북청,예천,유천치안센터,예천군 유천면 예성로 699-6
558 ,경북청,예천,보문치안센터,예천군 보문면 무근열길 13
559 ,경북청,예천,효자치안센터,예천군 효자면 도효자로 1373
560 ,경북청,성주,월항치안센터,성주군 월항면 주산로 360
561 ,경북청,성주,대가치안센터,성주군 대가면 여실길 10
562 ,경북청,성주,금수강산치안센터,성주군 금수강산면 성주로 1881
563 ,경북청,청송,파천치안센터,청송군 파천면 청송로 5533
564 ,경북청,영양,일월치안센터,영양군 일월면 영양로 2383
565 ,경북청,고령,덕곡치안센터,고령군 덕곡면 덕운로 568
566 ,경북청,고령,우곡치안센터,고령군 우곡면 도진3길 9
567 ,경남청,창원중부서,두대치안센터,창원시 의창구 대원로 97
568 ,경남청,창원중부서,용호치안센터,창원시 의창구 용지로 169번길 11-22
569 ,경남청,창원서부서,중동치안센터,창원시 의창구 읍성로34번길 2
570 ,경남청,마산중부서,자산치안센터,창원시 마산합포구 자산서11길 92
571 ,경남청,마산중부서,진북치안센터,창원시 마산합포구 진북면 삼진의거대로 447
572 ,경남청,마산동부서,구암1치안센터,창원시 마산회원구 구암서7길 20
573 ,경남청,진주서,역전치안센터,진주시 진주대로 942
574 ,경남청,진주서,명석치안센터,진주시 명석면 나불로 291
575 ,경남청,진주서,내동치안센터,진주시 내동면 순환로 386
576 ,경남청,진주서,집현치안센터,진주시 집현면 진주성로 748
577 ,경남청,진주서,금곡치안센터,진주시 금곡면 월아산로 119
578 ,경남청,진주서,이반성치안센터,진주시 이반성면 오봉산로 716
579 ,경남청,진주서,진성치안센터,진주시 진성면 동부로 1336-1
580 ,경남청,진주서,사봉치안센터,진주시 사봉면 사군로 109
581 ,경남청,진주서,대평치안센터,진주시 대평면 한들길 53
582 ,경남청,진주서,미천치안센터,진주시 미천면 진산로 1815
583 ,경남청,김해중부서,외동치안센터,김해시 분성로 219
584 ,경남청,김해중부서,다문화치안센터,김해시 분성로335번길36
585 ,경남청,양산서,원동치안센터,양산시 원동면 원동마을길 26-1
586 ,경남청,거제서,사등치안센터,경남 거제시 사등면 성포로 164
587 ,경남청,거제서,대교치안센터,경남 거제시 사등면 거제대로 6232
588 ,경남청,거제서,일운치안센터,경남 거제시 일운면 지세포로 107
589 ,경남청,거제서,하청치안센터,경남 거제시 하청면 하청로 40
590 ,경남청,거제서,둔덕치안센터,경남 거제시 둔덕면 하둔길 61
591 ,경남청,거제서,남부치안센터,경남 거제시 남부면 다대7길 37-1
592 ,경남청,진해서,여좌치안센터,창원시 진해구 여좌천로 64
593 ,경남청,진해서,웅천치안센터,창원시 진해구 웅천로166번길 6
594 ,경남청,통영,도산치안센터,통영시 도산면 도산일주로 40
595 ,경남청,사천서,서부치안센타,사천시 서부시장길 85
596 ,경남청,사천서,봉남치안센타,사천시 삼상로 309
597 ,경남청,사천서,정동치안센타,사천시 정동면 대곡2길 7
598 ,경남청,사천서,축동치안센타,사천시 축동면 서삼로 1442
599 ,경남청,밀양서,초동치안센터,밀양시 초동면 초동로 115
600 ,경남청,밀양서,청도치안센터,밀양시 청도면 청도로 101
601 ,경남청,밀양서,상동치안센터,밀양시 상동면 상동로 588
602 ,경남청,거창서,북상치안센터,경남 거창군 북상면 송계로 710
603 ,경남청,거창서,마리치안센터,경남 거창군 마리면 거안로 835
604 ,경남청,거창서,가북치안센터,경남 거창군 가북면 용암로 19
605 ,경남청,거창서,주상치안센터,경남 거창군 주상면 당대고개길 3
606 ,경남청,거창서,남하치안센터, 경남 거창군 남하면 영서로 81
607 ,경남청,합천서,율곡치안센터,경남 합천군 율곡면 대야로 1459
608 ,경남청,합천서,대양치안센터,경남 합천군 대양면 대야로 270
609 ,경남청,합천서,적중치안센터,경남 합천군 적중면 적중로 92
610 ,경남청,합천서,쌍책치안센터,경남 합천군 쌍책면 성산큰길 44
611 ,경남청,합천서,용주치안센터,경남 합천군 용주면 황계폭포로 1151
612 ,경남청,합천서,청덕치안센터,경남 합천군 청덕면 동부로 1707
613 ,경남청,합천서,덕곡치안센터,경남 합천군 덕곡면 율지포두길 5
614 ,경남청,합천서,쌍백치안센터,경남 합천군 쌍백면 쌍백중앙로 52
615 ,경남청,합천서,묘산치안센터,경남 합천군 묘산면 묘산로 167-1
616 ,경남청,합천서,가회치안센터,경남 합천군 가회면 황매산로 48
617 ,경남청,합천서,해인치안센터,경남 합천군 가야면 가야산로 1810
618 ,경남청,창녕서,장마치안센터,경남 창녕군 장마면 강리길 30
619 ,경남청,창녕서,도천치안센터,경남 창녕군 도천면 영산도천로 348
620 ,경남청,창녕서,길곡치안센터,경남 창녕군 길곡면 낙동로 1504
621 ,경남청,창녕서,성산치안센터,경남 창녕군 성산면 성산로 249
622 ,경남청,창녕서,고암치안센터,경남 창녕군 고암면 창밀로 388
623 ,경남청,고성서,대가치안센터,고성군 대가면 유흥3길 14
624 ,경남청,고성서,삼산치안센터,고성군 삼산면 공룡로 2141-5
625 ,경남청,고성서,마암치안센터,고성군 마암면 옥천로 233-10
626 ,경남청,고성서,구만치안센터,고성군 구만면 영회로 1769
627 ,경남청,고성서,하일치안센터,고성군 하일면 공룡로 1040
628 ,경남청,고성서,개천치안센터,고성군 개천면 옥천로 1274
629 ,경남청,고성서,영현치안센터,고성군 영현면 대가로 1677
630 ,경남청,하동서,적량치안센터,하동군 적량면 대티길 1
631 ,경남청,하동서,청암치안센터,하동군 청암면 청학로 668
632 ,경남청,하동서,북천치안센터,하동군 북천면 경서대로 2450
633 ,경남청,하동서,양보치안센터,하동군 양보면 진양로 724
634 ,경남청,하동서,고전치안센터,하동군 고전면 하동읍성로 333
635 ,경남청,남해서,이동치안센터,남해군 이동면 무림로 86
636 ,경남청,남해서,서면치안센터,남해군 서면 남서대로 1637
637 ,경남청,남해서,창선치안센터,남해군 창선면 동부대로 3017
638 ,경남청,남해서,상주치안센터,남해군 상주면 남해대로 717
639 ,경남청,남해서,대교치안센터,남해군 설천면 노량로 110
640 ,경남청,남해서,설천치안센터,남해군 설천면 설천로 698
641 ,경남청,함양서,지곡치안센터,함양군 지곡면 지곡창촌길 20-40
642 ,경남청,함양서,휴천치안센터,함양군 휴천면 함양남서로 526
643 ,경남청,함양서,서하치안센터,함양군 서하면 함양남서로 3945
644 ,경남청,함양서,병곡치안센터,함양군 병곡면 함양남서로 1736
645 ,경남청,산청서,생초치안센터,산청군 생초면 생초로 23
646 ,경남청,산청서,금서치안세터,산청군 금서면 친환경로 2535
647 ,경남청,산청서,오부치안센터,산청군 오부면 산수로 553
648 ,경남청,산청서,생비량치안센터,산청군 생비량면 비량로 47
649 ,경남청,산청서,차황치안센터,산청군 차황면 신차로1796번길 3
650 ,경남청,산청서,삼장치안센터,산청군 삼장면 덕산대포로 262-1
651 ,경남청,함안서,칠북치안센터,함안군 칠북면 칠북로 29
652 ,경남청,의령서,정암치안센터,의령군 의령읍 남강로 715-13
653 ,경남청,의령서,대의치안센터,의령군 대의면 대의로 46
654 ,경남청,의령서,궁류치안센터,의령군 궁류면 궁류로 127
655 ,경남청,의령서,가례치안센터,의령군 가례면 의병로 53
656 ,경남청,의령서,용덕치안센터, 의령군 용덕면 의합대로 363
657 ,경남청,의령서,봉수치안센터,의령군 봉수면 대한로 1225-3
658 ,제주청,동부,산지치안센터,제주시 임항로 128
659 ,제주청,동부,김녕치안센터,제주시 김녕로 84
660 ,제주청,서부,서문치안센터,제주시 용운로 120-1
661 ,제주청,서부,한서치안센터,제주시 한림로 248-1
662 ,제주청,서부,비양도치안센터,제주시 비양로길 84
663 ,제주청,서부,고산치안센터,제주시 고산로 39-3
664 ,제주청,서부,저지치안센터,제주시 중산간서로 3006
665 ,제주청,서귀포,중앙치안센터,서귀포시 중앙로101번길 9-1
666 ,제주청,서귀포,가파도치안센터,서귀포시 가파로 83
667 ,제주청,서귀포,마라도치안센터,서귀포시 마라도77번길 15
668 ,제주청,서귀포,영어교육도시치안센터,서귀포시 대정읍 구억리 영어교육도시 J1블럭
669 ,제주청,서귀포,위미치안센터,서귀포시 태위로 141
670 ,제주청,서귀포,신산치안센터,서귀포시 일주동로 5122
671,경남청,거창서,북상치안센터,경남 거창군 북상면 송계로 710
672,경남청,거창서,마리치안센터,경남 거창군 마리면 거안로 835
673,경남청,거창서,가북치안센터,경남 거창군 가북면 용암로 19
674,경남청,거창서,주상치안센터,경남 거창군 주상면 당대고개길 3
675,경남청,거창서,남하치안센터, 경남 거창군 남하면 영서로 81
676,경남청,합천서,율곡치안센터,경남 합천군 율곡면 대야로 1459
677,경남청,합천서,대양치안센터,경남 합천군 대양면 대야로 270
678,경남청,합천서,적중치안센터,경남 합천군 적중면 적중로 92
679,경남청,합천서,쌍책치안센터,경남 합천군 쌍책면 성산큰길 44
680,경남청,합천서,용주치안센터,경남 합천군 용주면 황계폭포로 1151
681,경남청,합천서,청덕치안센터,경남 합천군 청덕면 동부로 1707
682,경남청,합천서,덕곡치안센터,경남 합천군 덕곡면 율지포두길 5
683,경남청,합천서,쌍백치안센터,경남 합천군 쌍백면 쌍백중앙로 52
684,경남청,합천서,묘산치안센터,경남 합천군 묘산면 묘산로 167-1
685,경남청,합천서,가회치안센터,경남 합천군 가회면 황매산로 48
686,경남청,합천서,해인치안센터,경남 합천군 가야면 가야산로 1810
687,경남청,창녕서,장마치안센터,경남 창녕군 장마면 강리길 30
688,경남청,창녕서,도천치안센터,경남 창녕군 도천면 영산도천로 348
689,경남청,창녕서,길곡치안센터,경남 창녕군 길곡면 낙동로 1504
690,경남청,창녕서,성산치안센터,경남 창녕군 성산면 성산로 249
691,경남청,창녕서,대지치안센터,경남 창녕군 대지면 우포2로 977
692,경남청,창녕서,고암치안센터,경남 창녕군 고암면 창밀로 388
693,경남청,고성서,대가치안센터,고성군 대가면 유흥3길 14
694,경남청,고성서,삼산치안센터,고성군 삼산면 공룡로 2141-5
695,경남청,고성서,마암치안센터,고성군 마암면 옥천로 233-10
696,경남청,고성서,구만치안센터,고성군 구만면 영회로 1769
697,경남청,고성서,하일치안센터,고성군 하일면 공룡로 1040
698,경남청,고성서,개천치안센터,고성군 개천면 옥천로 1274
699,경남청,고성서,영현치안센터,고성군 영현면 대가로 1677
700,경남청,하동서,적량치안센터,하동군 적량면 대티길 1
701,경남청,하동서,청암치안센터,하동군 청암면 청학로 668
702,경남청,하동서,북천치안센터,하동군 북천면 경서대로 2450
703,경남청,하동서,양보치안센터,하동군 양보면 진양로 724
704,경남청,하동서,고전치안센터,하동군 고전면 하동읍성로 333
705,경남청,남해서,이동치안센터,남해군 이동면 무림로 86
706,경남청,남해서,서면치안센터,남해군 서면 남서대로 1637
707,경남청,남해서,창선치안센터,남해군 창선면 동부대로 3017
708,경남청,남해서,상주치안센터,남해군 상주면 남해대로 717
709,경남청,남해서,대교치안센터,남해군 설천면 노량로 110
710,경남청,남해서,설천치안센터,남해군 설천면 설천로 698
711,경남청,함양서,지곡치안센터,함양군 지곡면 지곡창촌길 20-40
712,경남청,함양서,휴천치안센터,함양군 휴천면 함양남서로 526
713,경남청,함양서,서하치안센터,함양군 서하면 함양남서로 3945
714,경남청,함양서,병곡치안센터,함양군 병곡면 함양남서로 1736
715,경남청,산청서,생초치안센터,산청군 생초면 생초로 23
716,경남청,산청서,금서치안세터,산청군 금서면 친환경로 2535
717,경남청,산청서,오부치안센터,산청군 오부면 산수로 553
718,경남청,산청서,생비량치안센터,산청군 생비량면 비량로 47
719,경남청,산청서,차황치안센터,산청군 차황면 신차로1796번길 3
720,경남청,산청서,삼장치안센터,산청군 삼장면 덕산대포로 262-1
721,경남청,함안서,산인치안센터,함안군 산인면 산인로 166
722,경남청,함안서,칠북치안센터,함안군 칠북면 칠북로 29
723,경남청,의령서,정암치안센터,의령군 의령읍 남강로 715-13
724,경남청,의령서,대의치안센터,의령군 대의면 대의로 46
725,경남청,의령서,궁류치안센터,의령군 궁류면 궁류로 127
726,경남청,의령서,가례치안센터,의령군 가례면 의병로 53
727,경남청,의령서,용덕치안센터, 의령군 용덕면 의합대로 363
728,경남청,의령서,봉수치안센터,의령군 봉수면 대한로 1225-3
729,제주청,동부,산지치안센터,제주시 임항로 128
730,제주청,동부,김녕치안센터,제주시 김녕로 84
731,제주청,서부,서문치안센터,제주시 용운로 120-1
732,제주청,서부,한서치안센터,제주시 한림로 248-1
733,제주청,서부,비양도치안센터,제주시 비양로길 84
734,제주청,서부,고산치안센터,제주시 고산로 39-3
735,제주청,서부,저지치안센터,제주시 중산간서로 3006
736,제주청,서귀포,중앙치안센터,서귀포시 중앙로101번길 9-1
737,제주청,서귀포,가파도치안센터,서귀포시 가파로 83
738,제주청,서귀포,마라도치안센터,서귀포시 마라도77번길 15
739,제주청,서귀포,영어교육도시치안센터,서귀포시 대정읍 구억리 영어교육도시 J1블럭
740,제주청,서귀포,위미치안센터,서귀포시 태위로 141
741,제주청,서귀포,신산치안센터,서귀포시 일주동로 5122
